{"init/function":"lean/library","init/propext":"lean/library","init/util":"lean/library","init/coe":"lean/library","init/logic":"lean/library","init/core":"lean/library","init/funext":"lean/library","init/cc_lemmas":"lean/library","init/version":"lean/library","init/wf":"lean/library","init/ite_simp":"lean/library","init/classical":"lean/library","init/default":"lean/library","init/meta/rec_util":"lean/library","init/meta/task":"lean/library","init/meta/declaration":"lean/library","init/meta/mk_dec_eq_instance":"lean/library","init/meta/tagged_format":"lean/library","init/meta/float":"lean/library","init/meta/attribute":"lean/library","init/meta/case_tag":"lean/library","init/meta/level":"lean/library","init/meta/rewrite_tactic":"lean/library","init/meta/tactic":"lean/library","init/meta/backward":"lean/library","init/meta/local_context":"lean/library","init/meta/interactive_base":"lean/library","init/meta/mk_has_reflect_instance":"lean/library","init/meta/name":"lean/library","init/meta/derive":"lean/library","init/meta/congr_tactic":"lean/library","init/meta/well_founded_tactics":"lean/library","init/meta/constructor_tactic":"lean/library","init/meta/interactive":"lean/library","init/meta/match_tactic":"lean/library","init/meta/module_info":"lean/library","init/meta/ac_tactics":"lean/library","init/meta/type_context":"lean/library","init/meta/mk_inhabited_instance":"lean/library","init/meta/congr_lemma":"lean/library","init/meta/exceptional":"lean/library","init/meta/ref":"lean/library","init/meta/injection_tactic":"lean/library","init/meta/vm":"lean/library","init/meta/simp_tactic":"lean/library","init/meta/rb_map":"lean/library","init/meta/comp_value_tactics":"lean/library","init/meta/contradiction_tactic":"lean/library","init/meta/expr":"lean/library","init/meta/interaction_monad":"lean/library","init/meta/has_reflect":"lean/library","init/meta/relation_tactics":"lean/library","init/meta/decl_cmds":"lean/library","init/meta/fun_info":"lean/library","init/meta/options":"lean/library","init/meta/mk_has_sizeof_instance":"lean/library","init/meta/occurrences":"lean/library","init/meta/format":"lean/library","init/meta/async_tactic":"lean/library","init/meta/set_get_option_tactics":"lean/library","init/meta/environment":"lean/library","init/meta/expr_address":"lean/library","init/meta/hole_command":"lean/library","init/meta/default":"lean/library","init/meta/pexpr":"lean/library","init/meta/lean/parser":"lean/library","init/meta/widget/tactic_component":"lean/library","init/meta/widget/basic":"lean/library","init/meta/widget/html_cmd":"lean/library","init/meta/widget/interactive_expr":"lean/library","init/meta/widget/replace_save_info":"lean/library","init/meta/widget/default":"lean/library","init/meta/converter/interactive":"lean/library","init/meta/converter/conv":"lean/library","init/meta/converter/default":"lean/library","init/meta/smt/congruence_closure":"lean/library","init/meta/smt/interactive":"lean/library","init/meta/smt/ematch":"lean/library","init/meta/smt/smt_tactic":"lean/library","init/meta/smt/rsimp":"lean/library","init/meta/smt/default":"lean/library","init/data/to_string":"lean/library","init/data/repr":"lean/library","init/data/set":"lean/library","init/data/basic":"lean/library","init/data/setoid":"lean/library","init/data/prod":"lean/library","init/data/quot":"lean/library","init/data/punit":"lean/library","init/data/default":"lean/library","init/data/char/basic":"lean/library","init/data/char/classes":"lean/library","init/data/char/lemmas":"lean/library","init/data/char/default":"lean/library","init/data/fin/basic":"lean/library","init/data/fin/ops":"lean/library","init/data/fin/default":"lean/library","init/data/rbtree/basic":"lean/library","init/data/rbtree/default":"lean/library","init/data/array/slice":"lean/library","init/data/array/basic":"lean/library","init/data/array/default":"lean/library","init/data/unsigned/basic":"lean/library","init/data/unsigned/ops":"lean/library","init/data/unsigned/default":"lean/library","init/data/nat/div":"lean/library","init/data/nat/basic":"lean/library","init/data/nat/lemmas":"lean/library","init/data/nat/gcd":"lean/library","init/data/nat/default":"lean/library","init/data/nat/bitwise":"lean/library","init/data/option/basic":"lean/library","init/data/option/instances":"lean/library","init/data/sigma/basic":"lean/library","init/data/sigma/lex":"lean/library","init/data/sigma/default":"lean/library","init/data/int/basic":"lean/library","init/data/int/order":"lean/library","init/data/int/comp_lemmas":"lean/library","init/data/int/default":"lean/library","init/data/int/bitwise":"lean/library","init/data/sum/basic":"lean/library","init/data/sum/instances":"lean/library","init/data/sum/default":"lean/library","init/data/ordering/basic":"lean/library","init/data/ordering/lemmas":"lean/library","init/data/ordering/default":"lean/library","init/data/list/qsort":"lean/library","init/data/list/basic":"lean/library","init/data/list/lemmas":"lean/library","init/data/list/instances":"lean/library","init/data/list/default":"lean/library","init/data/bool/basic":"lean/library","init/data/bool/lemmas":"lean/library","init/data/bool/default":"lean/library","init/data/string/basic":"lean/library","init/data/string/ops":"lean/library","init/data/string/default":"lean/library","init/data/rbmap/basic":"lean/library","init/data/rbmap/default":"lean/library","init/data/subtype/basic":"lean/library","init/data/subtype/instances":"lean/library","init/data/subtype/default":"lean/library","init/control/combinators":"lean/library","init/control/applicative":"lean/library","init/control/monad":"lean/library","init/control/functor":"lean/library","init/control/monad_fail":"lean/library","init/control/lawful":"lean/library","init/control/except":"lean/library","init/control/state":"lean/library","init/control/id":"lean/library","init/control/reader":"lean/library","init/control/alternative":"lean/library","init/control/lift":"lean/library","init/control/option":"lean/library","init/control/default":"lean/library","init/algebra/classes":"lean/library","init/algebra/functions":"lean/library","init/algebra/order":"lean/library","init/algebra/default":"lean/library","tools/debugger/cli":"lean/library","tools/debugger/util":"lean/library","tools/debugger/default":"lean/library","smt/arith":"lean/library","smt/prove":"lean/library","smt/default":"lean/library","smt/array":"lean/library","system/io":"lean/library","system/io_interface":"lean/library","system/random":"lean/library","data/bitvec":"lean/library","data/vector":"lean/library","data/dlist":"lean/library","data/buffer":"lean/library","data/stream":"lean/library","data/lazy_list":"lean/library","data/rbtree/main":"lean/library","data/rbtree/insert":"lean/library","data/rbtree/find":"lean/library","data/rbtree/min_max":"lean/library","data/rbtree/basic":"lean/library","data/rbtree/default":"lean/library","data/rbmap/default":"lean/library","data/buffer/parser":"lean/library","tactic/transform_decl":"mathlib","tactic/fix_reflect_string":"mathlib","tactic/algebra":"mathlib","tactic/where":"mathlib","tactic/doc_commands":"mathlib","tactic/simps":"mathlib","tactic/tauto":"mathlib","tactic/tidy":"mathlib","tactic/explode":"mathlib","tactic/mk_iff_of_inductive_prop":"mathlib","tactic/simp_result":"mathlib","tactic/transfer":"mathlib","tactic/tfae":"mathlib","tactic/find":"mathlib","tactic/rename_var":"mathlib","tactic/generalizes":"mathlib","tactic/abel":"mathlib","tactic/local_cache":"mathlib","tactic/auto_cases":"mathlib","tactic/ring":"mathlib","tactic/reassoc_axiom":"mathlib","tactic/interactive":"mathlib","tactic/core":"mathlib","tactic/hint":"mathlib","tactic/solve_by_elim":"mathlib","tactic/elide":"mathlib","tactic/group":"mathlib","tactic/with_local_reducibility":"mathlib","tactic/slice":"mathlib","tactic/cache":"mathlib","tactic/push_neg":"mathlib","tactic/basic":"mathlib","tactic/trunc_cases":"mathlib","tactic/protected":"mathlib","tactic/show_term":"mathlib","tactic/simpa":"mathlib","tactic/norm_num":"mathlib","tactic/simp_rw":"mathlib","tactic/generalize_proofs":"mathlib","tactic/finish":"mathlib","tactic/alias":"mathlib","tactic/pi_instances":"mathlib","tactic/interactive_expr":"mathlib","tactic/scc":"mathlib","tactic/noncomm_ring":"mathlib","tactic/subtype_instance":"mathlib","tactic/ext":"mathlib","tactic/lean_core_docs":"mathlib","tactic/fin_cases":"mathlib","tactic/simp_command":"mathlib","tactic/chain":"mathlib","tactic/clear":"mathlib","tactic/apply":"mathlib","tactic/interval_cases":"mathlib","tactic/suggest":"mathlib","tactic/norm_cast":"mathlib","tactic/rewrite":"mathlib","tactic/replacer":"mathlib","tactic/restate_axiom":"mathlib","tactic/ring2":"mathlib","tactic/rcases":"mathlib","tactic/cancel_denoms":"mathlib","tactic/split_ifs":"mathlib","tactic/squeeze":"mathlib","tactic/transport":"mathlib","tactic/lift":"mathlib","tactic/derive_inhabited":"mathlib","tactic/localized":"mathlib","tactic/ring_exp":"mathlib","tactic/zify":"mathlib","tactic/apply_fun":"mathlib","tactic/default":"mathlib","tactic/wlog":"mathlib","tactic/equiv_rw":"mathlib","tactic/lint/simp":"mathlib","tactic/lint/type_classes":"mathlib","tactic/lint/basic":"mathlib","tactic/lint/misc":"mathlib","tactic/lint/frontend":"mathlib","tactic/lint/default":"mathlib","tactic/converter/old_conv":"mathlib","tactic/converter/interactive":"mathlib","tactic/converter/apply_congr":"mathlib","tactic/converter/binders":"mathlib","tactic/monotonicity/interactive":"mathlib","tactic/monotonicity/basic":"mathlib","tactic/monotonicity/lemmas":"mathlib","tactic/monotonicity/default":"mathlib","tactic/rewrite_all/basic":"mathlib","tactic/linarith/datatypes":"mathlib","tactic/linarith/preprocessing":"mathlib","tactic/linarith/verification":"mathlib","tactic/linarith/parsing":"mathlib","tactic/linarith/lemmas":"mathlib","tactic/linarith/frontend":"mathlib","tactic/linarith/elimination":"mathlib","tactic/linarith/default":"mathlib","tactic/nth_rewrite/congr":"mathlib","tactic/nth_rewrite/basic":"mathlib","tactic/nth_rewrite/default":"mathlib","tactic/omega/main":"mathlib","tactic/omega/clause":"mathlib","tactic/omega/eq_elim":"mathlib","tactic/omega/term":"mathlib","tactic/omega/find_scalars":"mathlib","tactic/omega/prove_unsats":"mathlib","tactic/omega/lin_comb":"mathlib","tactic/omega/coeffs":"mathlib","tactic/omega/misc":"mathlib","tactic/omega/find_ees":"mathlib","tactic/omega/default":"mathlib","tactic/omega/nat/dnf":"mathlib","tactic/omega/nat/main":"mathlib","tactic/omega/nat/neg_elim":"mathlib","tactic/omega/nat/form":"mathlib","tactic/omega/nat/sub_elim":"mathlib","tactic/omega/nat/preterm":"mathlib","tactic/omega/int/dnf":"mathlib","tactic/omega/int/main":"mathlib","tactic/omega/int/form":"mathlib","tactic/omega/int/preterm":"mathlib","order/ideal":"mathlib","order/fixed_points":"mathlib","order/lexicographic":"mathlib","order/copy":"mathlib","order/liminf_limsup":"mathlib","order/complete_lattice":"mathlib","order/iterate":"mathlib","order/galois_connection":"mathlib","order/basic":"mathlib","order/boolean_algebra":"mathlib","order/bounded_lattice":"mathlib","order/ord_continuous":"mathlib","order/order_iso_nat":"mathlib","order/rel_classes":"mathlib","order/zorn":"mathlib","order/order_iso":"mathlib","order/semiconj_Sup":"mathlib","order/conditionally_complete_lattice":"mathlib","order/directed":"mathlib","order/complete_boolean_algebra":"mathlib","order/lattice":"mathlib","order/pilex":"mathlib","order/default":"mathlib","order/bounds":"mathlib","order/filter/partial":"mathlib","order/filter/germ":"mathlib","order/filter/cofinite":"mathlib","order/filter/filter_product":"mathlib","order/filter/pointwise":"mathlib","order/filter/basic":"mathlib","order/filter/ultrafilter":"mathlib","order/filter/extr":"mathlib","order/filter/at_top_bot":"mathlib","order/filter/countable_Inter":"mathlib","order/filter/lift":"mathlib","order/filter/default":"mathlib","order/filter/bases":"mathlib","topology/bounded_continuous_function":"mathlib","topology/stone_cech":"mathlib","topology/local_homeomorph":"mathlib","topology/continuous_on":"mathlib","topology/list":"mathlib","topology/separation":"mathlib","topology/basic":"mathlib","topology/opens":"mathlib","topology/order":"mathlib","topology/subset_properties":"mathlib","topology/dense_embedding":"mathlib","topology/topological_fiber_bundle":"mathlib","topology/homeomorph":"mathlib","topology/maps":"mathlib","topology/compact_open":"mathlib","topology/sequences":"mathlib","topology/local_extr":"mathlib","topology/constructions":"mathlib","topology/compacts":"mathlib","topology/bases":"mathlib","topology/category/UniformSpace":"mathlib","topology/category/TopCommRing":"mathlib","topology/category/Top/adjunctions":"mathlib","topology/category/Top/basic":"mathlib","topology/category/Top/opens":"mathlib","topology/category/Top/limits":"mathlib","topology/category/Top/open_nhds":"mathlib","topology/category/Top/epi_mono":"mathlib","topology/category/Top/default":"mathlib","topology/instances/ennreal":"mathlib","topology/instances/complex":"mathlib","topology/instances/real_vector_space":"mathlib","topology/instances/real":"mathlib","topology/instances/nnreal":"mathlib","topology/metric_space/completion":"mathlib","topology/metric_space/emetric_space":"mathlib","topology/metric_space/gromov_hausdorff":"mathlib","topology/metric_space/premetric_space":"mathlib","topology/metric_space/gromov_hausdorff_realized":"mathlib","topology/metric_space/baire":"mathlib","topology/metric_space/hausdorff_distance":"mathlib","topology/metric_space/gluing":"mathlib","topology/metric_space/isometry":"mathlib","topology/metric_space/basic":"mathlib","topology/metric_space/pi_Lp":"mathlib","topology/metric_space/closeds":"mathlib","topology/metric_space/cau_seq_filter":"mathlib","topology/metric_space/contracting":"mathlib","topology/metric_space/lipschitz":"mathlib","topology/metric_space/antilipschitz":"mathlib","topology/uniform_space/completion":"mathlib","topology/uniform_space/absolute_value":"mathlib","topology/uniform_space/separation":"mathlib","topology/uniform_space/basic":"mathlib","topology/uniform_space/cauchy":"mathlib","topology/uniform_space/abstract_completion":"mathlib","topology/uniform_space/complete_separated":"mathlib","topology/uniform_space/compact_separated":"mathlib","topology/uniform_space/compare_reals":"mathlib","topology/uniform_space/uniform_embedding":"mathlib","topology/uniform_space/uniform_convergence":"mathlib","topology/uniform_space/pi":"mathlib","topology/algebra/infinite_sum":"mathlib","topology/algebra/continuous_functions":"mathlib","topology/algebra/module":"mathlib","topology/algebra/monoid":"mathlib","topology/algebra/group_completion":"mathlib","topology/algebra/ordered":"mathlib","topology/algebra/uniform_ring":"mathlib","topology/algebra/uniform_group":"mathlib","topology/algebra/ring":"mathlib","topology/algebra/group":"mathlib","topology/algebra/multilinear":"mathlib","topology/algebra/open_subgroup":"mathlib","topology/algebra/polynomial":"mathlib","topology/sheaves/stalks":"mathlib","topology/sheaves/presheaf":"mathlib","topology/sheaves/presheaf_of_functions":"mathlib","category_theory/equivalence":"mathlib","category_theory/quotient":"mathlib","category_theory/const":"mathlib","category_theory/reflect_isomorphisms":"mathlib","category_theory/opposites":"mathlib","category_theory/isomorphism":"mathlib","category_theory/discrete_category":"mathlib","category_theory/types":"mathlib","category_theory/functor":"mathlib","category_theory/functor_category":"mathlib","category_theory/endomorphism":"mathlib","category_theory/action":"mathlib","category_theory/single_obj":"mathlib","category_theory/groupoid":"mathlib","category_theory/core":"mathlib","category_theory/whiskering":"mathlib","category_theory/simple":"mathlib","category_theory/differential_object":"mathlib","category_theory/currying":"mathlib","category_theory/elements":"mathlib","category_theory/shift":"mathlib","category_theory/hom_functor":"mathlib","category_theory/connected":"mathlib","category_theory/full_subcategory":"mathlib","category_theory/fully_faithful":"mathlib","category_theory/pempty":"mathlib","category_theory/natural_isomorphism":"mathlib","category_theory/conj":"mathlib","category_theory/eq_to_hom":"mathlib","category_theory/yoneda":"mathlib","category_theory/isomorphism_classes":"mathlib","category_theory/epi_mono":"mathlib","category_theory/functorial":"mathlib","category_theory/punit":"mathlib","category_theory/sparse":"mathlib","category_theory/comma":"mathlib","category_theory/graded_object":"mathlib","category_theory/natural_transformation":"mathlib","category_theory/concrete_category/unbundled_hom":"mathlib","category_theory/concrete_category/basic":"mathlib","category_theory/concrete_category/bundled_hom":"mathlib","category_theory/concrete_category/bundled":"mathlib","category_theory/concrete_category/default":"mathlib","category_theory/preadditive/schur":"mathlib","category_theory/preadditive/biproducts":"mathlib","category_theory/preadditive/default":"mathlib","category_theory/products/bifunctor":"mathlib","category_theory/products/associator":"mathlib","category_theory/products/basic":"mathlib","category_theory/products/default":"mathlib","category_theory/category/Groupoid":"mathlib","category_theory/category/Rel":"mathlib","category_theory/category/Cat":"mathlib","category_theory/category/Kleisli":"mathlib","category_theory/category/default":"mathlib","category_theory/limits/opposites":"mathlib","category_theory/limits/types":"mathlib","category_theory/limits/functor_category":"mathlib","category_theory/limits/concrete_category":"mathlib","category_theory/limits/cones":"mathlib","category_theory/limits/limits":"mathlib","category_theory/limits/connected":"mathlib","category_theory/limits/over":"mathlib","category_theory/limits/lattice":"mathlib","category_theory/limits/preserves":"mathlib","category_theory/limits/creates":"mathlib","category_theory/limits/shapes/wide_pullbacks":"mathlib","category_theory/limits/shapes/strong_epi":"mathlib","category_theory/limits/shapes/images":"mathlib","category_theory/limits/shapes/finite_limits":"mathlib","category_theory/limits/shapes/pullbacks":"mathlib","category_theory/limits/shapes/products":"mathlib","category_theory/limits/shapes/finite_products":"mathlib","category_theory/limits/shapes/terminal":"mathlib","category_theory/limits/shapes/zero":"mathlib","category_theory/limits/shapes/kernels":"mathlib","category_theory/limits/shapes/biproducts":"mathlib","category_theory/limits/shapes/regular_mono":"mathlib","category_theory/limits/shapes/binary_products":"mathlib","category_theory/limits/shapes/default":"mathlib","category_theory/limits/shapes/equalizers":"mathlib","category_theory/limits/shapes/constructions/limits_of_products_and_equalizers":"mathlib","category_theory/limits/shapes/constructions/pullbacks":"mathlib","category_theory/limits/shapes/constructions/preserve_binary_products":"mathlib","category_theory/limits/shapes/constructions/binary_products":"mathlib","category_theory/limits/shapes/constructions/equalizers":"mathlib","category_theory/closed/monoidal":"mathlib","category_theory/closed/cartesian":"mathlib","category_theory/abelian/non_preadditive":"mathlib","category_theory/abelian/basic":"mathlib","category_theory/monoidal/of_has_finite_products":"mathlib","category_theory/monoidal/types":"mathlib","category_theory/monoidal/functor":"mathlib","category_theory/monoidal/category":"mathlib","category_theory/monoidal/functorial":"mathlib","category_theory/sums/associator":"mathlib","category_theory/sums/basic":"mathlib","category_theory/sums/default":"mathlib","category_theory/monad/algebra":"mathlib","category_theory/monad/types":"mathlib","category_theory/monad/basic":"mathlib","category_theory/monad/limits":"mathlib","category_theory/monad/adjunction":"mathlib","category_theory/monad/default":"mathlib","category_theory/adjunction/basic":"mathlib","category_theory/adjunction/limits":"mathlib","category_theory/adjunction/fully_faithful":"mathlib","category_theory/adjunction/default":"mathlib","dynamics/fixed_points/topology":"mathlib","dynamics/fixed_points/basic":"mathlib","dynamics/circle/rotation_number/translation_number":"mathlib","set_theory/cardinal":"mathlib","set_theory/zfc":"mathlib","set_theory/lists":"mathlib","set_theory/surreal":"mathlib","set_theory/pgame":"mathlib","set_theory/ordinal_notation":"mathlib","set_theory/schroeder_bernstein":"mathlib","set_theory/ordinal":"mathlib","set_theory/game":"mathlib","set_theory/cofinality":"mathlib","set_theory/game/short":"mathlib","set_theory/game/state":"mathlib","set_theory/game/domineering":"mathlib","representation_theory/maschke":"mathlib","analysis/asymptotics":"mathlib","analysis/hofer":"mathlib","analysis/specific_limits":"mathlib","analysis/mean_inequalities":"mathlib","analysis/normed_space/real_inner_product":"mathlib","analysis/normed_space/mazur_ulam":"mathlib","analysis/normed_space/finite_dimension":"mathlib","analysis/normed_space/riesz_lemma":"mathlib","analysis/normed_space/multilinear":"mathlib","analysis/normed_space/operator_norm":"mathlib","analysis/normed_space/basic":"mathlib","analysis/normed_space/point_reflection":"mathlib","analysis/normed_space/hahn_banach":"mathlib","analysis/normed_space/enorm":"mathlib","analysis/normed_space/complemented":"mathlib","analysis/normed_space/add_torsor":"mathlib","analysis/normed_space/banach":"mathlib","analysis/normed_space/bounded_linear_maps":"mathlib","analysis/normed_space/dual":"mathlib","analysis/normed_space/units":"mathlib","analysis/complex/basic":"mathlib","analysis/complex/polynomial":"mathlib","analysis/convex/cone":"mathlib","analysis/convex/specific_functions":"mathlib","analysis/convex/topology":"mathlib","analysis/convex/basic":"mathlib","analysis/convex/caratheodory":"mathlib","analysis/ODE/gronwall":"mathlib","analysis/special_functions/pow":"mathlib","analysis/special_functions/trigonometric":"mathlib","analysis/special_functions/exp_log":"mathlib","analysis/calculus/inverse":"mathlib","analysis/calculus/implicit":"mathlib","analysis/calculus/darboux":"mathlib","analysis/calculus/fderiv":"mathlib","analysis/calculus/times_cont_diff":"mathlib","analysis/calculus/deriv":"mathlib","analysis/calculus/specific_functions":"mathlib","analysis/calculus/iterated_deriv":"mathlib","analysis/calculus/extend_deriv":"mathlib","analysis/calculus/tangent_cone":"mathlib","analysis/calculus/mean_value":"mathlib","analysis/calculus/local_extr":"mathlib","analysis/analytic/composition":"mathlib","analysis/analytic/basic":"mathlib","number_theory/sum_two_squares":"mathlib","number_theory/bernoulli":"mathlib","number_theory/basic":"mathlib","number_theory/lucas_lehmer":"mathlib","number_theory/pell":"mathlib","number_theory/primorial":"mathlib","number_theory/sum_four_squares":"mathlib","number_theory/quadratic_reciprocity":"mathlib","number_theory/dioph":"mathlib","measure_theory/ae_eq_fun":"mathlib","measure_theory/bochner_integration":"mathlib","measure_theory/measurable_space":"mathlib","measure_theory/decomposition":"mathlib","measure_theory/measure_space":"mathlib","measure_theory/borel_space":"mathlib","measure_theory/outer_measure":"mathlib","measure_theory/lebesgue_measure":"mathlib","measure_theory/indicator_function":"mathlib","measure_theory/set_integral":"mathlib","measure_theory/probability_mass_function":"mathlib","measure_theory/simple_func_dense":"mathlib","measure_theory/l1_space":"mathlib","measure_theory/giry_monad":"mathlib","measure_theory/integration":"mathlib","measure_theory/category/Meas":"mathlib","group_theory/coset":"mathlib","group_theory/sylow":"mathlib","group_theory/order_of_element":"mathlib","group_theory/eckmann_hilton":"mathlib","group_theory/quotient_group":"mathlib","group_theory/congruence":"mathlib","group_theory/presented_group":"mathlib","group_theory/free_group":"mathlib","group_theory/semidirect_product":"mathlib","group_theory/free_abelian_group":"mathlib","group_theory/abelianization":"mathlib","group_theory/group_action":"mathlib","group_theory/subgroup":"mathlib","group_theory/monoid_localization":"mathlib","group_theory/perm/sign":"mathlib","group_theory/perm/cycles":"mathlib","group_theory/submonoid/operations":"mathlib","group_theory/submonoid/basic":"mathlib","group_theory/submonoid/membership":"mathlib","group_theory/submonoid/default":"mathlib","logic/relator":"mathlib","logic/basic":"mathlib","logic/unique":"mathlib","logic/embedding":"mathlib","logic/relation":"mathlib","logic/nontrivial":"mathlib","logic/function/iterate":"mathlib","logic/function/basic":"mathlib","logic/function/conjugate":"mathlib","meta/expr_lens":"mathlib","meta/uchange":"mathlib","meta/rb_map":"mathlib","meta/expr":"mathlib","meta/coinductive_predicates":"mathlib","ring_theory/fintype":"mathlib","ring_theory/matrix_algebra":"mathlib","ring_theory/algebra":"mathlib","ring_theory/multiplicity":"mathlib","ring_theory/ideals":"mathlib","ring_theory/polynomial_algebra":"mathlib","ring_theory/tensor_product":"mathlib","ring_theory/subsemiring":"mathlib","ring_theory/eisenstein_criterion":"mathlib","ring_theory/algebra_tower":"mathlib","ring_theory/free_comm_ring":"mathlib","ring_theory/power_series":"mathlib","ring_theory/principal_ideal_domain":"mathlib","ring_theory/free_ring":"mathlib","ring_theory/adjoin":"mathlib","ring_theory/subring":"mathlib","ring_theory/prod":"mathlib","ring_theory/euclidean_domain":"mathlib","ring_theory/prime":"mathlib","ring_theory/algebraic":"mathlib","ring_theory/maps":"mathlib","ring_theory/coprime":"mathlib","ring_theory/algebra_operations":"mathlib","ring_theory/noetherian":"mathlib","ring_theory/fractional_ideal":"mathlib","ring_theory/integral_domain":"mathlib","ring_theory/adjoin_root":"mathlib","ring_theory/ideal_operations":"mathlib","ring_theory/integral_closure":"mathlib","ring_theory/localization":"mathlib","ring_theory/unique_factorization_domain":"mathlib","ring_theory/valuation/basic":"mathlib","ring_theory/polynomial/rational_root":"mathlib","ring_theory/polynomial/basic":"mathlib","ring_theory/polynomial/default":"mathlib","combinatorics/composition":"mathlib","geometry/euclidean":"mathlib","geometry/manifold/real_instances":"mathlib","geometry/manifold/mfderiv":"mathlib","geometry/manifold/smooth_manifold_with_corners":"mathlib","geometry/manifold/basic_smooth_bundle":"mathlib","geometry/manifold/charted_space":"mathlib","linear_algebra/quadratic_form":"mathlib","linear_algebra/determinant":"mathlib","linear_algebra/finite_dimensional":"mathlib","linear_algebra/projection":"mathlib","linear_algebra/tensor_product":"mathlib","linear_algebra/linear_pmap":"mathlib","linear_algebra/nonsingular_inverse":"mathlib","linear_algebra/sesquilinear_form":"mathlib","linear_algebra/dimension":"mathlib","linear_algebra/multilinear":"mathlib","linear_algebra/finsupp":"mathlib","linear_algebra/basic":"mathlib","linear_algebra/affine_space":"mathlib","linear_algebra/matrix":"mathlib","linear_algebra/finsupp_vector_space":"mathlib","linear_algebra/contraction":"mathlib","linear_algebra/special_linear_group":"mathlib","linear_algebra/bilinear_form":"mathlib","linear_algebra/linear_action":"mathlib","linear_algebra/lagrange":"mathlib","linear_algebra/dual":"mathlib","linear_algebra/direct_sum_module":"mathlib","linear_algebra/default":"mathlib","linear_algebra/basis":"mathlib","field_theory/mv_polynomial":"mathlib","field_theory/splitting_field":"mathlib","field_theory/subfield":"mathlib","field_theory/separable":"mathlib","field_theory/perfect_closure":"mathlib","field_theory/chevalley_warning":"mathlib","field_theory/minimal_polynomial":"mathlib","field_theory/finite":"mathlib","data/fin_enum":"mathlib","data/holor":"mathlib","data/bool":"mathlib","data/erased":"mathlib","data/mv_polynomial":"mathlib","data/semiquot":"mathlib","data/finmap":"mathlib","data/rel":"mathlib","data/sum":"mathlib","data/sym":"mathlib","data/vector2":"mathlib","data/indicator_function":"mathlib","data/fin":"mathlib","data/ulift":"mathlib","data/finsupp":"mathlib","data/pfun":"mathlib","data/dfinsupp":"mathlib","data/subtype":"mathlib","data/hash_map":"mathlib","data/mllist":"mathlib","data/tree":"mathlib","data/support":"mathlib","data/opposite":"mathlib","data/pequiv":"mathlib","data/polynomial":"mathlib","data/prod":"mathlib","data/W":"mathlib","data/quot":"mathlib","data/monoid_algebra":"mathlib","data/sym2":"mathlib","data/char":"mathlib","data/lazy_list2":"mathlib","data/padics/padic_norm":"mathlib","data/padics/hensel":"mathlib","data/padics/padic_numbers":"mathlib","data/padics/padic_integers":"mathlib","data/padics/default":"mathlib","data/dlist/basic":"mathlib","data/dlist/instances":"mathlib","data/finsupp/pointwise":"mathlib","data/analysis/filter":"mathlib","data/analysis/topology":"mathlib","data/array/lemmas":"mathlib","data/zmod/basic":"mathlib","data/finset/powerset":"mathlib","data/finset/sort":"mathlib","data/finset/basic":"mathlib","data/finset/nat_antidiagonal":"mathlib","data/finset/intervals":"mathlib","data/finset/fold":"mathlib","data/finset/lattice":"mathlib","data/finset/default":"mathlib","data/finset/pi":"mathlib","data/fintype/sort":"mathlib","data/fintype/basic":"mathlib","data/fintype/intervals":"mathlib","data/fintype/card":"mathlib","data/complex/module":"mathlib","data/complex/basic":"mathlib","data/complex/exponential":"mathlib","data/real/cardinality":"mathlib","data/real/ennreal":"mathlib","data/real/basic":"mathlib","data/real/hyperreal":"mathlib","data/real/nnreal":"mathlib","data/real/ereal":"mathlib","data/real/irrational":"mathlib","data/real/cau_seq_completion":"mathlib","data/real/conjugate_exponents":"mathlib","data/real/cau_seq":"mathlib","data/real/pi":"mathlib","data/equiv/functor":"mathlib","data/equiv/ring":"mathlib","data/equiv/list":"mathlib","data/equiv/encodable":"mathlib","data/equiv/fin":"mathlib","data/equiv/transfer_instance":"mathlib","data/equiv/basic":"mathlib","data/equiv/nat":"mathlib","data/equiv/denumerable":"mathlib","data/equiv/local_equiv":"mathlib","data/equiv/mul_add":"mathlib","data/seq/wseq":"mathlib","data/seq/parallel":"mathlib","data/seq/seq":"mathlib","data/seq/computation":"mathlib","data/nat/multiplicity":"mathlib","data/nat/enat":"mathlib","data/nat/sqrt":"mathlib","data/nat/basic":"mathlib","data/nat/pairing":"mathlib","data/nat/fib":"mathlib","data/nat/prime":"mathlib","data/nat/cast":"mathlib","data/nat/digits":"mathlib","data/nat/totient":"mathlib","data/nat/gcd":"mathlib","data/nat/parity":"mathlib","data/nat/modeq":"mathlib","data/nat/choose":"mathlib","data/nat/dist":"mathlib","data/stream/basic":"mathlib","data/fp/basic":"mathlib","data/setoid/partition":"mathlib","data/setoid/basic":"mathlib","data/rat/floor":"mathlib","data/rat/meta_defs":"mathlib","data/rat/basic":"mathlib","data/rat/denumerable":"mathlib","data/rat/order":"mathlib","data/rat/cast":"mathlib","data/rat/default":"mathlib","data/num/basic":"mathlib","data/num/lemmas":"mathlib","data/num/bitwise":"mathlib","data/option/basic":"mathlib","data/option/defs":"mathlib","data/zsqrtd/gaussian_int":"mathlib","data/zsqrtd/basic":"mathlib","data/sigma/basic":"mathlib","data/sigma/default":"mathlib","data/int/sqrt":"mathlib","data/int/basic":"mathlib","data/int/gcd":"mathlib","data/int/parity":"mathlib","data/int/modeq":"mathlib","data/list/of_fn":"mathlib","data/list/zip":"mathlib","data/list/nodup":"mathlib","data/list/tfae":"mathlib","data/list/sections":"mathlib","data/list/sigma":"mathlib","data/list/sort":"mathlib","data/list/func":"mathlib","data/list/bag_inter":"mathlib","data/list/min_max":"mathlib","data/list/basic":"mathlib","data/list/rotate":"mathlib","data/list/nat_antidiagonal":"mathlib","data/list/intervals":"mathlib","data/list/chain":"mathlib","data/list/perm":"mathlib","data/list/range":"mathlib","data/list/alist":"mathlib","data/list/defs":"mathlib","data/list/forall2":"mathlib","data/list/erase_dup":"mathlib","data/list/pairwise":"mathlib","data/list/default":"mathlib","data/string/basic":"mathlib","data/string/defs":"mathlib","data/set/function":"mathlib","data/set/disjointed":"mathlib","data/set/enumerate":"mathlib","data/set/basic":"mathlib","data/set/lattice":"mathlib","data/set/countable":"mathlib","data/set/default":"mathlib","data/set/finite":"mathlib","data/set/intervals/unordered_interval":"mathlib","data/set/intervals/basic":"mathlib","data/set/intervals/image_preimage":"mathlib","data/set/intervals/disjoint":"mathlib","data/set/intervals/default":"mathlib","data/pnat/xgcd":"mathlib","data/pnat/basic":"mathlib","data/pnat/intervals":"mathlib","data/pnat/factors":"mathlib","data/multiset/powerset":"mathlib","data/multiset/nodup":"mathlib","data/multiset/finset_ops":"mathlib","data/multiset/sections":"mathlib","data/multiset/functor":"mathlib","data/multiset/sort":"mathlib","data/multiset/basic":"mathlib","data/multiset/nat_antidiagonal":"mathlib","data/multiset/intervals":"mathlib","data/multiset/fold":"mathlib","data/multiset/antidiagonal":"mathlib","data/multiset/lattice":"mathlib","data/multiset/erase_dup":"mathlib","data/multiset/default":"mathlib","data/multiset/pi":"mathlib","data/matrix/basic":"mathlib","data/matrix/pequiv":"mathlib","data/matrix/notation":"mathlib","data/buffer/basic":"mathlib","control/bifunctor":"mathlib","control/applicative":"mathlib","control/functor":"mathlib","control/basic":"mathlib","control/equiv_functor":"mathlib","control/fold":"mathlib","control/traversable/derive":"mathlib","control/traversable/basic":"mathlib","control/traversable/lemmas":"mathlib","control/traversable/equiv":"mathlib","control/traversable/instances":"mathlib","control/traversable/default":"mathlib","control/bitraversable/basic":"mathlib","control/bitraversable/lemmas":"mathlib","control/bitraversable/instances":"mathlib","control/equiv_functor/instances":"mathlib","control/monad/writer":"mathlib","control/monad/basic":"mathlib","control/monad/cont":"mathlib","computability/partrec_code":"mathlib","computability/partrec":"mathlib","computability/tm_to_partrec":"mathlib","computability/reduce":"mathlib","computability/turing_machine":"mathlib","computability/primrec":"mathlib","computability/halting":"mathlib","algebraic_geometry/presheafed_space":"mathlib","algebraic_geometry/stalks":"mathlib","algebraic_geometry/prime_spectrum":"mathlib","algebra/group_with_zero_power":"mathlib","algebra/module":"mathlib","algebra/opposites":"mathlib","algebra/archimedean":"mathlib","algebra/group_power":"mathlib","algebra/free":"mathlib","algebra/floor":"mathlib","algebra/field_power":"mathlib","algebra/quadratic_discriminant":"mathlib","algebra/ring":"mathlib","algebra/midpoint":"mathlib","algebra/group_action_hom":"mathlib","algebra/order_functions":"mathlib","algebra/invertible":"mathlib","algebra/big_operators":"mathlib","algebra/pointwise":"mathlib","algebra/char_zero":"mathlib","algebra/ordered_group":"mathlib","algebra/ordered_ring":"mathlib","algebra/geom_sum":"mathlib","algebra/associated":"mathlib","algebra/pi_instances":"mathlib","algebra/order":"mathlib","algebra/group_with_zero":"mathlib","algebra/classical_lie_algebras":"mathlib","algebra/char_p":"mathlib","algebra/direct_limit":"mathlib","algebra/euclidean_domain":"mathlib","algebra/field":"mathlib","algebra/free_monoid":"mathlib","algebra/add_torsor":"mathlib","algebra/lie_algebra":"mathlib","algebra/ordered_field":"mathlib","algebra/gcd_domain":"mathlib","algebra/punit_instances":"mathlib","algebra/direct_sum":"mathlib","algebra/linear_ordered_comm_group_with_zero":"mathlib","algebra/group_ring_action":"mathlib","algebra/iterate_hom":"mathlib","algebra/default":"mathlib","algebra/category/Group/images":"mathlib","algebra/category/Group/colimits":"mathlib","algebra/category/Group/adjunctions":"mathlib","algebra/category/Group/basic":"mathlib","algebra/category/Group/limits":"mathlib","algebra/category/Group/preadditive":"mathlib","algebra/category/Group/zero":"mathlib","algebra/category/Group/biproducts":"mathlib","algebra/category/Group/Z_Module_equivalence":"mathlib","algebra/category/Group/default":"mathlib","algebra/category/Module/monoidal":"mathlib","algebra/category/Module/basic":"mathlib","algebra/category/Mon/colimits":"mathlib","algebra/category/Mon/basic":"mathlib","algebra/category/Mon/default":"mathlib","algebra/category/Algebra/basic":"mathlib","algebra/category/CommRing/colimits":"mathlib","algebra/category/CommRing/adjunctions":"mathlib","algebra/category/CommRing/basic":"mathlib","algebra/category/CommRing/limits":"mathlib","algebra/category/CommRing/default":"mathlib","algebra/continued_fractions/translations":"mathlib","algebra/continued_fractions/basic":"mathlib","algebra/continued_fractions/continuants_recurrence":"mathlib","algebra/continued_fractions/convergents_equiv":"mathlib","algebra/continued_fractions/terminated_stable":"mathlib","algebra/continued_fractions/default":"mathlib","algebra/continued_fractions/computation/approximations":"mathlib","algebra/continued_fractions/computation/translations":"mathlib","algebra/continued_fractions/computation/basic":"mathlib","algebra/continued_fractions/computation/correctness_terminating":"mathlib","algebra/continued_fractions/computation/default":"mathlib","algebra/group/units_hom":"mathlib","algebra/group/semiconj":"mathlib","algebra/group/anti_hom":"mathlib","algebra/group/inj_surj":"mathlib","algebra/group/basic":"mathlib","algebra/group/with_one":"mathlib","algebra/group/type_tags":"mathlib","algebra/group/prod":"mathlib","algebra/group/conj":"mathlib","algebra/group/to_additive":"mathlib","algebra/group/defs":"mathlib","algebra/group/commute":"mathlib","algebra/group/default":"mathlib","algebra/group/units":"mathlib","algebra/group/hom":"mathlib","algebra/homology/chain_complex":"mathlib","algebra/homology/homology":"mathlib","deprecated/ring":"mathlib","deprecated/group":"mathlib","deprecated/submonoid":"mathlib","deprecated/subgroup":"mathlib","old_defs":"real-number-game","kb_defs":"real-number-game","kb_real_defs":"real-number-game","defs":"real-number-game","for_mathlib/stuff":"real-number-game","game/intro":"real-number-game","game/series/tempLevel02":"real-number-game","game/series/tempLevel04":"real-number-game","game/series/tempLevel03":"real-number-game","game/series/tempLevel01":"real-number-game","game/series/L01defs":"real-number-game","game/order/lessdumb":"real-number-game","game/order/dumb":"real-number-game","game/order/twocase":"real-number-game","game/order/level09":"real-number-game","game/order/level08":"real-number-game","game/order/level06":"real-number-game","game/order/level04":"real-number-game","game/order/H":"real-number-game","game/order/level02":"real-number-game","game/order/level05":"real-number-game","game/order/level07":"real-number-game","game/order/level03":"real-number-game","game/order/level01":"real-number-game","game/topology/inter_closed_sets":"real-number-game","game/topology/continuity":"real-number-game","game/topology/union_closed_sets":"real-number-game","game/topology/inter_open_sets":"real-number-game","game/topology/union_open_sets":"real-number-game","game/topology/hausdorff":"real-number-game","game/sup_inf/supSumSets":"real-number-game","game/sup_inf/infSumSets":"real-number-game","game/sup_inf/supProdSets":"real-number-game","game/sup_inf/rat_complete":"real-number-game","game/sup_inf/level04":"real-number-game","game/sup_inf/GLBprop_if_LUBprop":"real-number-game","game/sup_inf/level02":"real-number-game","game/sup_inf/supProdConst":"real-number-game","game/sup_inf/unbdd_iff":"real-number-game","game/sup_inf/infSumConst":"real-number-game","game/sup_inf/lub_prodSets":"real-number-game","game/sup_inf/level03":"real-number-game","game/sup_inf/lub_rationals":"real-number-game","game/sup_inf/level01":"real-number-game","game/cardinality/union_finite":"real-number-game","game/cardinality/finite_inj":"real-number-game","game/cardinality/countable_inj":"real-number-game","game/limits/Blockus_Time":"real-number-game","game/limits/bdd_monos_converge":"real-number-game","game/limits/bounded_if_convergent":"real-number-game","game/limits/seq_proveLimit":"real-number-game","game/limits/seq_limitZeroProd":"real-number-game","game/limits/seq_cauchyBdd":"real-number-game","game/limits/seq_limitTimesConst":"real-number-game","game/limits/shift_rule_seq":"real-number-game","game/limits/seq_limitLinear":"real-number-game","game/limits/seq_bdd_iff_range_bdd":"real-number-game","game/limits/Lemmas":"real-number-game","game/limits/seq_lim_add":"real-number-game","game/limits/seq_convCauchy":"real-number-game","game/limits/L01defs":"real-number-game","game/limits/seq_limitProd":"real-number-game","game/limits/seq_limSeqSub":"real-number-game","game/Convergence/level01":"real-number-game","game/max/level10":"real-number-game","game/max/level09":"real-number-game","game/max/max_API_test":"real-number-game","game/max/level08":"real-number-game","game/max/level06":"real-number-game","game/max/level04":"real-number-game","game/max/level02":"real-number-game","game/max/level05":"real-number-game","game/max/level07":"real-number-game","game/max/level03":"real-number-game","game/max/level01":"real-number-game","game/abs/abs_API_test":"real-number-game","game/sets/sets_level09":"real-number-game","game/sets/sets_level10":"real-number-game","game/sets/sqrt2NotRational":"real-number-game","game/sets/Irrat_Dense_In_Reals":"real-number-game","game/sets/sets_level08":"real-number-game","game/sets/Lemma":"real-number-game","game/sets/sets_level04":"real-number-game","game/sets/sets_level06":"real-number-game","game/sets/L01defs":"real-number-game","game/sets/sets_level02":"real-number-game","game/sets/sets_level07":"real-number-game","game/sets/sqrtOfTwo":"real-number-game","game/sets/sets_level05":"real-number-game","game/sets/sets_level01":"real-number-game","game/sets/sets_level03":"real-number-game","game/sets/Distributive Laws/Distributive01":"real-number-game","game/sets/Distributive Laws/Distributive02":"real-number-game","game/sets/Distributive Laws/De Morgan's Laws/De_Morgan_Laws01":"real-number-game","game/sets/Distributive Laws/De Morgan's Laws/De_Morgan_Laws02":"real-number-game","game/Completeness/level06":"real-number-game","game/Completeness/level04":"real-number-game","game/Completeness/level02":"real-number-game","game/Completeness/level05":"real-number-game","game/Completeness/level03":"real-number-game","game/Completeness/level01":"real-number-game","game/functions/bothBijective":"real-number-game","game/functions/bothSurjective":"real-number-game","game/functions/composition_surjective":"real-number-game","game/functions/twoSidedInverse":"real-number-game","game/functions/classicContinDef":"real-number-game","game/functions/bothInjective":"real-number-game","game/functions/seqContinDef":"real-number-game","game/functions/composition_injective":"real-number-game","game/integral/tempLevel1":"real-number-game"}
